contig	kmers_bp	total_bp	chrom	approx_start	approx_center	approx_end
I52.000010F	82067	24975404	EH23a.chr7	35983518	48471220	60958922
I52.000018F	52829	13977197	EH23a.chrX	15238477	22227076	29215674
I52.000021F	38388	13059779	EH23a.chr7	20634804	27164694	33694583
I52.000019F	38045	13279151	EH23a.chrX	3278765	9918341	16557916
I52.000057F	18861	4982314	EH23a.chr6	5462257	7953414	10444571
I52.000012F	17706	16969484	EH23a.chr7	0	7219647	15704389
I52.000062F	13752	4764707	EH23a.chr4	69365528	71747882	74130235
I52.000087F	11740	2949584	EH23a.chr8	52677540	54152332	55627124
I52.000040F	10213	7194324	EH23a.chr7	59618565	63215727	66812889
