contig	kmers_bp	total_bp	chrom	approx_start	approx_center	approx_end
I59.000003F	88362	30010082	EH23a.chr7	43412816	58417857	73422898
I59.000004F	84233	29194862	EH23a.chrX	0	9104099	23701530
I59.000019F	24973	11171650	EH23a.chr7	25072272	30658097	36243922
I59.000002F	18535	38668188	EH23a.chrX	57675318	77009412	96343506
I59.000090F	14092	2806650	EH23a.chr7	21060211	22463536	23866861
I59.000021F	15238	10554313	EH23a.chr7	12568233	17845390	23122546
I59.000001F	12944	48267987	EH23a.chr6	1955842	26089836	50223829
I59.000044F	9007	5744291	EH23a.chr4	68836785	71708931	74581076
I59.000023F	7228	10213983	EH23a.chrX	28605951	33712943	38819934
