contig	kmers_bp	total_bp	chrom	approx_start	approx_center	approx_end
I61.000011F	45358	17812240	EH23a.chrX	0	5263309	14169429
I61.000017F	39015	11785126	EH23a.chrX	17660000	23552563	29445126
I61.000123F	24967	2387085	EH23a.chr7	44446592	45640135	46833677
I61.000003F	25402	33450574	EH23a.chr2	0	6013087	22738374
I61.000048F	22233	5006784	EH23a.chr7	23886405	26389797	28893189
I61.000103F	11965	2763184	EH23a.chr7	20984852	22366444	23748036
I61.000154F	11582	1874872	EH23a.chr7	18261569	19199005	20136441
I61.000044F	10787	5266595	EH23a.chr7	58734868	61368166	64001463
I61.000104F	9849	2761691	EH23a.chr7	41504738	42885584	44266429
