contig	kmers_bp	total_bp	chrom	approx_start	approx_center	approx_end
P20.00000242	10829	13348220	EH23a.chr1	1184399	7858509	14532619
P20.00002333	225	1051265	EH23a.chrX	20372424	20898057	21423689
P20.00000633	62	8219631	EH23a.chr8	10813122	14922938	19032753
P20.00000658	31	20896	EH23a.chr9	47199299	47209747	47220195
P20.00003197	31	450860	EH23a.chr6	73885642	74111072	74336502
