contig	kmers_bp	total_bp	chrom
P20.00000242	10829	13348220	EH23a.chr1
P20.00002333	225	1051265	EH23a.chrX
P20.00000633	62	8219631	EH23a.chr8
P20.00000658	31	20896	EH23a.chr9
P20.00003197	31	450860	EH23a.chr6
