contig	kmers_bp	total_bp	chrom	approx_start	approx_center	approx_end
P22.00001490	10798	3671662	EH23a.chr1	1356540	3192371	5028202
P22.00001737	6153	3439622	EH23a.chr2	75076455	76796266	78516077
P22.00003826	96	800079	EH23a.chr2	10554305	10954345	11354384
P22.00002230	62	2346304	EH23a.chr2	27401384	28574536	29747688
P22.00005196	31	173817	EH23a.chr3	11031875	11118784	11205692
