contig	kmers_bp	total_bp	chrom	approx_start	approx_center	approx_end
SSA1.00000181	6153	9436445	EH23a.chr2	70624983	75343206	80061428
SSA1.00002057	3524	1144083	EH23a.chr6	6082899	6654941	7226982
SSA1.00000188	710	29971	EH23a.chr2	76960177	76975163	76990148
SSA1.00000674	256	4711388	EH23a.chrX	15667794	18023488	20379182
SSA1.00000583	96	5340964	EH23a.chr2	8751254	11421736	14092218
