contig	kmers_bp	total_bp	chrom
SSA1.00000181	6153	9436445	EH23a.chr2
SSA1.00002057	3524	1144083	EH23a.chr6
SSA1.00000188	710	29971	EH23a.chr2
SSA1.00000674	256	4711388	EH23a.chrX
SSA1.00000583	96	5340964	EH23a.chr2
