contig	kmers_bp	total_bp	chrom	approx_start	approx_center	approx_end
SSA2.00000786	6153	6189973	EH23a.chr2	73246949	76341936	79436922
SSA2.00001956	3555	2969995	EH23a.chr6	6057549	7542547	9027544
SSA2.00001960	194	32715	EH23a.chr3	65569827	65586185	65602542
SSA2.00001963	155	16892	EH23a.chr6	6115770	6124216	6132662
SSA2.00001890	124	39841	EH23a.chrX	20804525	20824446	20844366
