contig	kmers_bp	total_bp	chrom
SSA2.00000786	6153	6189973	EH23a.chr2
SSA2.00001956	3555	2969995	EH23a.chr6
SSA2.00001960	194	32715	EH23a.chr3
SSA2.00001963	155	16892	EH23a.chr6
SSA2.00001890	124	39841	EH23a.chrX
