contig	kmers_bp	total_bp	chrom	approx_start	approx_center	approx_end
P20.00000242	10829	13348220	EH23b.chr1	4331442	11005552	17679662
P20.00002333	225	1051265	EH23b.chrX	64061105	64586738	65112370
P20.00000633	62	8219631	EH23b.chr8	36907540	41017356	45127171
P20.00000658	31	20896	EH23b.chr8	40532416	40542864	40553312
P20.00003197	31	450860	EH23b.chr6	75297631	75523061	75748491
