contig	kmers_bp	total_bp	chrom
P22.00001490	10798	3671662	EH23b.chr1
P22.00001737	6153	3439622	EH23b.chr2
P22.00003826	96	800079	EH23b.chr2
P22.00002230	62	2346304	EH23b.chr2
P22.00005196	31	173817	EH23b.chr3
P22.00002510	31	322950	EH23b.chr1
P22.00000054	31	574116	EH23b.chr1
P22.00002539	31	1879703	EH23b.chr6
P22.00001351	31	1962888	EH23b.chr8
P22.00002103	31	2463348	EH23b.chr2
P22.00001638	31	3523621	EH23b.chr8
P22.00000071	31	9659378	EH23b.chrX
