contig	kmers_bp	total_bp	chrom
P22.00001490	10798	3671662	EH23b.chr1
P22.00001737	6153	3439622	EH23b.chr2
P22.00003826	96	800079	EH23b.chr2
P22.00002230	62	2346304	EH23b.chr2
P22.00005196	31	173817	EH23b.chr3
