contig	kmers_bp	total_bp	chrom	approx_start	approx_center	approx_end
P22.00001490	10798	3671662	EH23b.chr1	1969494	3805325	5641156
P22.00001737	6153	3439622	EH23b.chr2	78234934	79954745	81674556
P22.00003826	96	800079	EH23b.chr2	10744288	11144328	11544367
P22.00002230	62	2346304	EH23b.chr2	28142135	29315287	30488439
P22.00005196	31	173817	EH23b.chr3	10202856	10289765	10376673
