contig	kmers_bp	total_bp	chrom	approx_start	approx_center	approx_end
SSA1.00000181	6153	9436445	EH23b.chr2	72476186	77194409	81912631
SSA1.00002057	3524	1144083	EH23b.chr6	5800171	6372213	6944254
SSA1.00000188	710	29971	EH23b.chr2	78588450	78603436	78618421
SSA1.00000674	256	4711388	EH23b.chrX	64766469	67122163	69477857
SSA1.00000583	96	5340964	EH23b.chr2	9764849	12435331	15105813
