contig	kmers_bp	total_bp	chrom	approx_start	approx_center	approx_end
SSA2.00000786	6153	6189973	EH23b.chr2	74224186	77319173	80414159
SSA2.00001956	3555	2969995	EH23b.chr6	5798538	7283536	8768533
SSA2.00001960	194	32715	EH23b.chr6	6012686	6029044	6045401
SSA2.00001963	155	16892	EH23b.chr6	5983887	5992333	6000779
SSA2.00001890	124	39841	EH23b.chrX	64336236	64356157	64376077
