contig	kmers_bp	total_bp	chrom
BH4.00000009	49904	22904760	EH23a.chr7
BH4.00001156	26365	13496651	EH23a.chr6
BH4.00004418	22683	3884562	EH23a.chrX
BH4.00004188	19044	4040692	EH23a.chr9
BH4.00002495	19216	7026100	EH23a.chrX
BH4.00005383	16769	2861496	EH23a.chrX
BH4.00001048	17130	13966321	EH23a.chr6
BH4.00003944	14918	4468500	EH23a.chr4
BH4.00006393	10826	973743	EH23a.chr7
