contig	kmers_bp	total_bp	chrom	approx_start	approx_center	approx_end
BH4.00000009	49904	22904760	EH23a.chr7	23496139	34948519	46400899
BH4.00001156	26365	13496651	EH23a.chr6	23987563	30735889	37484214
BH4.00004418	22683	3884562	EH23a.chrX	12560495	14502776	16445057
BH4.00004188	19044	4040692	EH23a.chr9	27540355	29560701	31581047
BH4.00002495	19216	7026100	EH23a.chrX	20584130	24097180	27610230
BH4.00005383	16769	2861496	EH23a.chrX	10058772	11489520	12920268
BH4.00001048	17130	13966321	EH23a.chr6	5924798	12907959	19891119
BH4.00003944	14918	4468500	EH23a.chr4	71297979	73532229	75766479
BH4.00006393	10826	973743	EH23a.chr7	53975165	54462037	54948908
