contig	kmers_bp	total_bp	chrom
I3.000003F	57104	17228268	EH23a.chr7
I3.000028F	35718	7539900	EH23a.chr7
I3.000012F	26501	11024346	EH23a.chr7
I3.000059F	21788	4295430	EH23a.chrX
I3.000099F	18460	2723972	EH23a.chrX
I3.000005F	18805	14883794	EH23a.chr7
I3.000069F	15967	3819776	EH23a.chrX
I3.000508F	8930	184497	EH23a.chr5
I3.000456F	8468	242108	EH23a.chr5
