contig	kmers_bp	total_bp	chrom	approx_start	approx_center	approx_end
I3.000003F	57104	17228268	EH23a.chr7	32999871	41614005	50228139
I3.000028F	35718	7539900	EH23a.chr7	19531633	23301583	27071533
I3.000012F	26501	11024346	EH23a.chr7	56097026	61609199	67121372
I3.000059F	21788	4295430	EH23a.chrX	12703547	14851262	16998977
I3.000099F	18460	2723972	EH23a.chrX	10484776	11846762	13208748
I3.000005F	18805	14883794	EH23a.chr7	10891899	18333796	25775693
I3.000069F	15967	3819776	EH23a.chrX	26268084	28177972	30087860
I3.000508F	8930	184497	EH23a.chr5	8542366	8634615	8726863
I3.000456F	8468	242108	EH23a.chr5	70527802	70648856	70769910
