contig	kmers_bp	total_bp	chrom
I52.000010F	82067	24975404	EH23a.chr7
I52.000018F	52829	13977197	EH23a.chrX
I52.000021F	38388	13059779	EH23a.chr7
I52.000019F	38045	13279151	EH23a.chrX
I52.000057F	18861	4982314	EH23a.chr6
I52.000012F	17706	16969484	EH23a.chr7
I52.000062F	13752	4764707	EH23a.chr4
I52.000087F	11740	2949584	EH23a.chr8
I52.000040F	10213	7194324	EH23a.chr7
