contig	kmers_bp	total_bp	chrom
I53.000006F	76343	18722629	EH23a.chr7
I53.000008F	55672	14712136	EH23a.chrX
I53.000065F	31792	4043168	EH23a.chrX
I53.000011F	25328	11241482	EH23a.chr7
I53.000001F	24968	40006507	EH23a.chrX
I53.000100F	16900	3007943	EH23a.chr7
I53.000010F	17454	11429952	EH23a.chr6
I53.000015F	15229	10094193	EH23a.chr7
I53.000039F	14543	5702806	EH23a.chr4
