contig	kmers_bp	total_bp	chrom	approx_start	approx_center	approx_end
I53.000006F	76343	18722629	EH23a.chr7	41648818	51010133	60371447
I53.000008F	55672	14712136	EH23a.chrX	14637079	21993147	29349215
I53.000065F	31792	4043168	EH23a.chrX	11180740	13202324	15223908
I53.000011F	25328	11241482	EH23a.chr7	24843977	30464718	36085459
I53.000001F	24968	40006507	EH23a.chrX	51253143	71256397	91259650
I53.000100F	16900	3007943	EH23a.chr7	21019680	22523652	24027623
I53.000010F	17454	11429952	EH23a.chr6	3370979	9085955	14800931
I53.000015F	15229	10094193	EH23a.chr7	13298735	18345832	23392928
I53.000039F	14543	5702806	EH23a.chr4	65226204	68077607	70929010
