contig	kmers_bp	total_bp	chrom
I59.000003F	88362	30010082	EH23a.chr7
I59.000004F	84233	29194862	EH23a.chrX
I59.000019F	24973	11171650	EH23a.chr7
I59.000002F	18535	38668188	EH23a.chrX
I59.000090F	14092	2806650	EH23a.chr7
I59.000021F	15238	10554313	EH23a.chr7
I59.000001F	12944	48267987	EH23a.chr6
I59.000044F	9007	5744291	EH23a.chr4
I59.000023F	7228	10213983	EH23a.chrX
