contig	kmers_bp	total_bp	chrom
I61.000011F	45358	17812240	EH23a.chrX
I61.000017F	39015	11785126	EH23a.chrX
I61.000123F	24967	2387085	EH23a.chr7
I61.000003F	25402	33450574	EH23a.chr2
I61.000048F	22233	5006784	EH23a.chr7
I61.000103F	11965	2763184	EH23a.chr7
I61.000154F	11582	1874872	EH23a.chr7
I61.000044F	10787	5266595	EH23a.chr7
I61.000104F	9849	2761691	EH23a.chr7
