contig	kmers_bp	total_bp	chrom
I68.000002F	60212	23462408	EH23a.chrX
I68.000056F	26701	6266747	EH23a.chrX
I68.000035F	23241	8183095	EH23a.chr7
I68.000108F	20864	4176290	EH23a.chr7
I68.000093F	20577	4614269	EH23a.chr7
I68.000013F	17141	12737265	EH23a.chr7
I68.000005F	17404	18551803	EH23a.chr6
I68.000172F	14660	2667865	EH23a.chr7
I68.000120F	14354	3607308	EH23a.chr7
