contig	kmers_bp	total_bp	chrom
I75.000015F	48508	14110014	EH23a.chrX
I75.000011F	37952	15592301	EH23a.chrX
I75.000046F	20222	7404986	EH23a.chr4
I75.000004F	20539	24797094	EH23a.chrX
I75.000018F	17538	12693022	EH23a.chr6
I75.000037F	11694	8147271	EH23a.chr4
I75.000256F	7609	154047	EH23a.chrX
I75.000261F	6977	135821	EH23a.chr8
I75.000239F	6664	166608	EH23a.chr4
