contig	kmers_bp	total_bp	chrom	approx_start	approx_center	approx_end
I75.000015F	48508	14110014	EH23a.chrX	15205091	22260098	29315105
I75.000011F	37952	15592301	EH23a.chrX	0	4617374	12413524
I75.000046F	20222	7404986	EH23a.chr4	66986600	70689093	74391586
I75.000004F	20539	24797094	EH23a.chrX	47789240	60187787	72586334
I75.000018F	17538	12693022	EH23a.chr6	5119818	11466329
I75.000037F	11694	8147271	EH23a.chr4	67037260	71110896	75184531
I75.000256F	7609	154047	EH23a.chrX	13496764	13573788	13650811
I75.000261F	6977	135821	EH23a.chr8	39742460	39810371	39878281
I75.000239F	6664	166608	EH23a.chr4	20538577	20621881	20705185
