contig	kmers_bp	total_bp	chrom
I78.000012F	41473	15703089	EH23a.chrX
I78.000020F	37899	11414592	EH23a.chrX
I78.000037F	31106	8580257	EH23a.chr7
I78.000014F	28291	14851198	EH23a.chr4
I78.000023F	25297	10641735	EH23a.chr7
I78.000085F	20618	3815778	EH23a.chr7
I78.000047F	20327	6848015	EH23a.chr6
I78.000065F	18656	5124700	EH23a.chr7
I78.000003F	20150	24233534	EH23a.chrX
