contig	kmers_bp	total_bp	chrom	approx_start	approx_center		approx_end
I78.000012F	41473	15703089	EH23a.chrX	0	4612082	12463626
I78.000020F	37899	11414592	EH23a.chrX	18527404	24234700	29941996
I78.000037F	31106	8580257	EH23a.chr7	49508748	53798877	58089005
I78.000014F	28291	14851198	EH23a.chr4	64136165	71561764	78987363
I78.000023F	25297	10641735	EH23a.chr7	24025462	29346330	34667197
I78.000085F	20618	3815778	EH23a.chr7	44257645	46165534	48073423
I78.000047F	20327	6848015	EH23a.chr6	5527551	8951559	12375566
I78.000065F	18656	5124700	EH23a.chr7	38475879	41038229	43600579
I78.000003F	20150	24233534	EH23a.chrX	48080278	60197045	72313812
